{
  "property_type": {
    "SF": "SF",
    "CONDO": "CONDO",
    "COOP": "COOP",
    "default": "SF"
  },
  "rate_structure": {
    "FIXED": "FIXED",
    "ARM": "ARM",
    "BOTH": "BOTH",
    "default": "ARN"
  },
  "minfico": {
    "max": "850",
    "default": "600"
  },
  "maxfico": {
    "max": "850",
    "default": "700"
  },
  "lock": {
    "30": "30",
    "45": "45",
    "60": "60",
    "default": "60"
  },
  "loan_term": {
    "10": "10",
    "15": "15",
    "20": "20",
    "30": "30",
    "default": "30"
  },
  "loan_purpose": {
    "PURCH": "PURCH",
    "REFI": "REFI",
    "default": "PURCH"
  },
  "institution": {
    "1": "Bank of America",
    "2": "Wells Fargo",
    "3": "Nation Star",
    "4": "Quicken",
    "5": "PHH Mortgage Corporation",
    "6": "Suntrust Mortgage Inc",
    "7": "Flagstar Bank"
  },
  "arm_type": {
    "3-1": "3/1 ARM",
    "5-1": "5/1 ARM",
    "7-1": "7/1 ARM",
    "10-1": "10/1 ARM"
  },
  "loan_type":{
    "JUMBO": "JUMBO",
    "CONF": "CONF",
    "AGENCY": "AGENCY",
    "FHA": "FHA",
    "VA": "VA",
    "VA-HB": "VA-HB",
    "FHA-HB": "FHA-HB",
    "default":"FHA"
  },
  "loan_amount": {
    "default": "500000"
  }
}