{
  "messageVersion": "1.0",
  "invocationSource": "FulfillmentCodeHook",
  "userId": "at7adt8w0lfrro5c6rui99bmv3pr8q4q",
  "sessionAttributes": null,
  "bot": {
    "name": "BookTrip",
    "alias": null,
    "version": "$LATEST"
  },
  "outputDialogMode": "Text",
  "currentIntent": {
    "name": "BookCar",
    "slots": {
      "PickUpDate": "2017-06-08",
      "ReturnDate": "2017-06-08",
      "DriverAge": "33",
      "CarType": "midsize",
      "PickUpCity": "restin"
    },
    "confirmationStatus": "None"
  },
  "inputTranscript": "midsize"
}